NRIC,page_id,time_spent
S7914337H,7,12
S9408974V,2,8
S5118692X,3,7
S6892566E,7,10
S7452007M,2,8
S8198010M,6,13
S6797132I,4,18
S4972569Y,0,18
S9497962S,7,1
S7919619J,1,17
S4246961L,2,14
S6271015A,8,19
S9693179V,5,9
S4533112R,3,12
S8683565P,6,7
S6513433J,7,18
S8164355X,5,7
S5320187V,5,9
S9632503I,8,20
S7255562Y,3,15
S4283618S,2,9
S5053389M,5,1
S9618217K,4,14
S7403024R,6,8
S6921951A,4,9
S6483958T,5,3
S9896423W,1,18
S6767292C,0,20
S7006646U,4,16
S6861290E,2,6
S5865830E,0,17
S5983699P,8,13
S4013287N,0,12
S9497962S,4,20
S6138343T,0,15
S4288757V,1,3
S6661275E,7,7
S6003920F,5,14
S6920194H,8,15
S7101913Q,3,1
S9093145Y,6,7
S4256928U,4,12
S9647667M,2,2
S8207782B,7,12
S5581260M,7,16
S6846525N,4,20
S9298766N,3,16
S8672527Z,5,8
S4940117X,7,8
S9601790C,4,12
S4023008R,8,4
S4840223R,0,20
S4876036A,3,10
S8436049N,7,16
S9146031V,5,9
S6520961I,2,13
S5403040D,1,16
S7089524R,8,8
S8204227L,0,16
S6410890X,5,15
S7033363A,6,5
S5183397I,0,15
S7149785J,3,11
S7855374V,0,18
S7470613P,5,16
S8084199F,7,4
S6808413Y,5,15
S6461431J,0,17
S6351173B,4,2
S8100143C,4,14
S5367557W,2,18
S8872039A,3,18
S9518850Q,4,8
S8335692R,2,5
S6341164C,6,10
S7010332J,2,13
S7070085Q,4,19
S7403118B,6,13
S8316450R,6,3
S6517323A,4,20
S8639934L,7,11
S6462201N,8,18
S9522280J,8,16
S6677997I,6,1
S6402947P,1,13
S7013433E,2,18
S6864543Q,7,17
S4875993C,0,3
S7933371U,5,17
S6937316T,5,20
S9469491N,4,1
S9005551K,4,2
S7151146X,3,16
S9451919V,8,18
S6716173V,0,20
S9643514J,4,9
S7125416O,3,13
S7908951W,6,16
S8344724Y,0,16
S6505581J,6,9
S5010319Q,3,14
S8341439K,6,15
S4646501U,0,3
S6834801I,7,19
S9880508R,2,18
S8769935A,5,8
S4697052Z,3,9
S5748503I,5,11
S4540453V,8,18
S7369513R,2,7
S5051055G,4,20
S8696329C,1,8
S5743464V,6,4
S5054059Q,6,15
S7296053W,7,10
S7717783R,3,20
S7238345E,2,18
S8521291F,3,15
S6427100I,4,13
S6754362G,2,3
S4377073Y,7,16
S8534226H,6,10
S8251387Y,4,10
S6617379R,4,7
S4548789Z,4,5
S7178864B,3,19
S6003920F,1,9
S9520422B,2,19
S9039980N,6,3
S9717566L,3,4
S6388533L,6,20
S4505583B,0,4
S7168652L,0,13
S4377446H,2,18
S5840161J,4,6
S8294759C,1,12
S6837135V,7,9
S4789954W,5,17
S6948006Y,1,10
S6173860G,5,19
S7032379E,5,3
S5109393T,8,10
S8307721T,7,11
S9104398L,7,16
S6312075B,4,12
S8389348X,6,20
S4944852A,4,20
S4125062T,3,14
S9050793U,6,9
S9053818T,4,17
S9300606D,5,7
S9695816P,5,14
S5514596I,3,19
S5987521M,1,12
S5101932J,2,19
S5007923G,8,12
S9350603M,4,18
S6566777D,2,19
S5194119O,0,12
S9742342C,0,7
S7346424X,3,4
S7607098U,4,12
S6914402S,2,9
S7124084O,6,6
S6788994H,5,19
S9614181H,2,19
S7248802Q,1,20
S4523483J,8,18
S4899355F,3,12
S4285983B,1,11
S8030121R,6,20
S9254918I,0,11
S4383388Z,0,6
S5782253R,7,18
S9728269F,3,11
S7323792W,1,7
S4582764T,2,20
S5836732W,1,17
S5144491Y,1,18
S6455737I,4,9
S8953380L,1,7
S7244068T,5,12
S9327716K,0,11
S4728252B,3,19
S7198887E,8,20
S5792048I,2,10
S6894231Z,7,17
S4276610F,5,17
S5221728J,1,6
S7251033K,6,18
S8569110A,7,16
S7007541W,1,1
S6490320W,2,15
S7330628T,0,2
S7422959Z,6,6
S4780201L,4,8
S7052359K,8,14
S9214711K,1,12
S7111065A,2,20
S6208434U,8,2
S6450060L,0,13
S6216457M,6,6
S9444148M,8,18
S6471195B,1,6
S7620390A,2,10
S9852497L,1,4
S4029307L,2,3
S5329653X,5,17
S5563702T,3,15
S6122214X,6,20
S9708450Y,6,7
S7146986I,0,17
S4641165C,0,2
S9544440L,0,2
S8693476N,4,2
S9034916O,0,1
S6487672H,2,9
S4901216W,2,19
S5330532C,5,2
S6797132I,0,20
S7272855V,7,3
S9827663T,7,13
S9432352R,4,8
S6821456E,3,1
S7428544X,3,20
S9079981C,0,14
S5581260M,8,18
S7069343P,4,17
S8007544M,2,10
S7020431E,2,6
S4033991N,1,20
S4650502U,4,18
S5419310V,5,19
S5367557W,1,20
S7960263B,8,18
S6185290J,1,17
S9038055H,6,19
S5072786J,0,15
S7085697Y,8,9
S4451628A,0,18
S4695362A,7,11
S4076604U,8,19
S8720819M,6,16
S5467692L,6,11
S9591890A,1,15
S4218769C,1,8
S8593124Z,2,19
S8355193Z,2,1
S7396930J,5,19
S4899347D,7,2
S7965205E,2,6
S9687107C,0,19
S7701678V,4,19
S9077553D,8,2
S7149337B,5,19
S8896029C,2,1
S8922091V,5,6
S7032379E,2,4
S9867733P,2,3
S6704891F,6,20
S6478970M,5,5
S7407942Y,4,9
S6978644H,8,10
S5729250S,3,16
S8017691Y,3,15
S5471669R,7,5
S6409666A,2,1
S4118304T,0,18
S5439758I,1,20
S8978173N,8,15
S6968681T,6,17
S8279698U,4,5
S7112483I,3,5
S5294858O,7,14
S6555564C,1,8
S6477927U,2,6
S9415082G,2,18
S8555847O,7,1
S9778385P,0,16
S8738251X,3,14
S7771011G,8,1
S6491918P,0,10
S6042989T,1,4
S5350635V,5,3
S4398515V,3,19
S4850502A,4,16
S7035246O,3,12
S4519293F,8,4
S6901084U,8,1
S7312990F,7,17
S5540916A,2,14
S9545843F,7,3
S7461896R,0,8
S5563702T,8,20
S9515234N,4,1
S8219779T,2,16
S6921951A,8,5
S4451628A,2,14
S9143480Y,6,18
S6961362Q,0,13
S6933300M,0,17
S6122012G,5,18
S8465173P,6,19
S6796205L,0,11
S6345729T,5,7
S6808413Y,7,17
S9335208V,5,8
S9757557R,7,18
S5734035P,6,19
S6410417M,0,17
S6797842A,8,17
S7382613Y,6,13
S4965751L,7,14
S6658994W,0,14
S6631510L,3,15
S8017871B,1,2
S6450815T,4,5
S4055294V,6,11
S6776408T,2,18
S6712645J,4,16
S5627153J,6,11
S9235114Q,3,14
S6254999L,0,1
S5656773H,3,3
S9817268S,0,16
S5780663G,2,19
S9543376T,0,13
S7239389Z,0,20
S7377776W,5,7
S6863627I,5,14
S8901372V,8,17
S6797836I,0,20
S8581497T,2,19
S8732384K,5,6
S9175862G,7,7
S5749697U,4,19
S7205364N,7,9
S7625407K,8,4
S8796361G,7,18
S9034916O,2,6
S7772575X,0,14
S8710961U,6,9
S7406541G,8,1
S6373409H,2,20
S8922091V,7,12
S8579668F,0,5
S5632760M,1,16
S6442075T,1,12
S8896499J,4,13
S6622064H,6,11
S4352083W,7,16
S7169082N,3,20
S7024462R,6,16
S8800408J,1,15
S8881061V,5,11
S5123654V,6,11
S5668064A,6,4
S7274037B,8,20
S7232652G,0,20
S8504705N,2,12
S4216233T,4,19
S7677522U,0,7
S4014108S,4,17
S6254999L,8,7
S7436098M,0,13
S5185254J,6,12
S7337212K,1,14
S6826942Q,6,17
S6684584D,8,19
S4734773L,4,20
S6451006I,2,12
S7617261U,3,6
S8812056A,2,19
S8667029Z,5,2
S6628400H,5,10
S8454483J,7,19
S8202035V,2,7
S7161753Q,8,12
S7304829B,1,2
S8041561Q,5,20
S7236479K,5,14
S6434114H,3,18
S8750273S,5,5
S6790983K,5,18
S9518099G,5,1
S4509524S,4,15
S8812056A,7,20
S6331059O,7,20
S6322621P,5,17
S4051727Q,8,20
S6773878Y,8,19
S9792339O,2,11
S6443204Q,4,11
S5314938Y,2,19
S7222729F,7,19
S7192787O,4,13
S6834158I,8,19
S6971186D,4,11
S8918294W,2,13
S5333353Q,6,16
S6184357N,6,15
S7477363E,2,14
S5838180G,8,13
S4975007B,7,1
S7777713Q,7,6
S7416330M,6,9
S6809565E,0,11
S6594598P,8,16
S7902554N,8,2
S4646153Y,8,11
S6559991J,4,1
S4879715W,5,18
S8584117T,4,6
S6526689R,7,19
S6495620B,2,12
S5775622V,6,6
S5269732D,6,20
S8250487Z,7,20
S4216644Q,8,11
S6031497E,8,20
S6995619S,1,18
S6892972R,6,10
S6852141E,6,15
S4891176Y,1,16
S7316289U,2,15
S6990364C,3,18
S7408233B,5,19
S8466562J,7,15
S6515779I,6,8
S6826597B,6,15
S8069048K,4,17
S7044671F,6,17
S6982597T,3,2
S6812713X,4,17
S6253620I,2,12
S5617303X,8,6
S9549473J,7,11
S6431527R,8,17
S8032996O,4,19
S4549526H,4,13
S8749920F,6,14
S6619092B,3,16
S9179130A,0,2
S6440269M,7,8
S6113222C,6,10
S5789280A,6,18
S8784927X,5,6
S8399091B,3,1
S7940513S,1,16
S6825718C,4,20
S7179161V,1,6
S6464409W,5,3
S6525694K,0,15
S7268806O,0,11
S9308691F,4,17
S7033829A,7,13
S4930255E,1,10
S4765448U,4,4
S7619515M,5,18
S4440077O,8,20
S5084190P,0,19
S9252123K,2,1
S6472362O,3,12
S6122214X,1,6
S7014743K,2,13
S4029633R,2,8
S9211519B,3,9
S5151822Y,7,13
S7087544C,8,15
S6959498S,8,16
S4076604U,6,20
S5765089H,6,19
S6708734Q,4,1
S7445772P,0,20
S6645749Y,6,6
S6654220U,3,17
S8937088V,3,8
S4367102C,7,8
S5839226D,4,10
S4502632E,7,5
S6660425P,3,8
S6537576Z,7,16
S7336619Z,7,4
S9845051I,7,7
S9894089C,2,10
S6463879Y,3,11
S9525795U,1,13
S9284627H,0,14
S5657983Q,2,16
S7109460B,1,17
S6820067M,5,4
S7326149Z,5,6
S6135031R,2,12
S6409351R,1,14
S6770769Y,1,6
S4520616X,1,4
S6722970C,7,4
S6767702R,3,19
S6179275O,5,2
S4807481K,1,13
S5192668X,8,5
S8441624D,2,15
S6797426O,7,15
S6996326V,4,15
S6932913S,7,3
S7947164B,8,13
S7465193W,0,19
S6400832O,2,9
S6846527I,0,20
S7162455U,8,1
S8846937G,8,19
S9148252W,1,8
S5031655M,0,14
S5448678V,6,10
S4819127T,4,19
S4155469H,1,14
S8162347W,1,10
S6844365O,3,18
S5852676E,8,17
S6852141D,0,4
S9798611N,2,19
S8887447F,2,7
S7343140E,4,3
S6618411W,6,14
S6359349Q,8,16
S9444292L,8,12
S6206474X,5,18
S6929047Z,3,17
S6045748M,0,2
S9307142R,6,14
S8277362I,1,18
S9754836N,3,3
S7109003W,1,7
S5196206L,1,20
S4327058U,7,3
S9175862G,8,5
S7028219L,4,15
S7368113C,7,11
S6575410G,7,12
S9210650U,2,9
S7622526X,5,14
S6763408Q,6,5
S6866396U,0,19
S6388533L,4,14
S8341439K,7,1
S7128935M,7,18
S7235159K,3,13
S8894028M,0,5
S6945977K,0,20
S6551735B,2,18
S6850463J,1,11
S7119025X,4,11
S4140213G,0,19
S9596182K,4,14
S6427254L,6,18
S6892411I,3,15
S4430632S,4,15
S6983105T,2,16
S6807515Y,1,13
S4819008U,1,14
S9693179V,1,4
S7905751C,1,3
S9111225O,8,19
S8465424Y,4,7
S7296065E,0,10
S6427254L,5,17
S8785869D,8,18
S6923056W,6,13
S9451919V,1,15
S7896885T,4,1
S9696464O,6,6
S8579676Z,3,17
S9214456E,3,17
S4519293F,3,18
S5980712O,5,15
S4236142O,4,19
S6679889B,2,17
S8324389M,1,14
S6833032F,1,13
S8716426O,1,15
S6822565G,8,14
S6771387T,6,20
S4810656Y,7,18
S9614637R,0,16
S6929768H,4,15
S6785110A,1,7
S6471143R,5,16
S6046725Z,8,7
S8469274V,5,5
S7707164J,6,15
S4274935U,8,19
S4754885Y,8,11
S4161017Y,5,15
S7664287R,8,11
S8749845R,2,11
S7287336D,7,4
S6767569I,3,14
S8468501E,1,16
S4511731T,3,17
S8567547P,1,6
S4559855U,0,9
S6744708J,6,14
S7879127O,4,20
S7014743K,0,20
S7812561Q,2,14
S7035246O,8,11
S4426809D,8,13
S8785626O,3,18
S9760714D,3,3
S9621273C,8,17
S8225973H,8,18
S5417166Z,3,3
S6083493I,0,3
S7879423D,4,9
S4072091S,5,18
S5394499X,1,12
S7407131X,1,4
S4724994S,3,6
S9698784T,4,18
S8770209A,2,5
S6999338U,4,5
S6083493I,6,17
S6840127L,4,2
S7760056I,7,1
S8269868H,0,16
S5595949L,6,11
S6401597Y,4,4
S7445772P,8,2
S8859732X,0,15
S8680466K,0,16
S7379431V,0,9
S7409236O,8,4
S4121238C,7,16
S7644286Y,3,1
S7406844V,1,10
S6802127T,0,16
S4839743D,4,15
S9469529F,6,14
S6929047Z,7,4
S9798611N,4,11
S9807924F,3,2
S6853674J,0,15
S4154619Y,5,14
S7897697M,3,12
S5084190P,8,8
S9893783U,5,8
S9487208Q,5,12
S7349203M,7,14
S7436251H,1,3
S4344772J,3,18
S9541619V,5,8
S6566815U,8,2
S5668064A,8,9
S7239389Z,8,8
S7938802S,5,17
S7423059Y,7,14
S7640188U,5,17
S6327463C,0,18
S7071584L,5,5
S8995266Y,8,17
S7090340E,7,6
S6492976Y,0,13
S7179161V,5,13
S9432352R,2,10
S4807687O,8,7
S8466862R,6,18
S9058207Y,7,9
S6897222X,8,15
S6834430E,5,20
S7127296X,3,8
S9075049L,3,18
S4454666J,8,15
S7217933M,2,13
S8870489W,7,20
S9604747C,8,5
S8593865R,6,16
S8778984V,5,17
S5781139M,2,18
S9025914U,6,3
S5754572E,5,14
S6212303N,3,11
S9436694Z,6,4
S5782295J,7,15
S9033770L,6,15
S7077735V,4,3
S5328585U,7,2
S5053780Z,5,9
S7333844M,0,12
S5100112N,4,4
S9003730J,6,6
S7773482P,1,1
S9857077X,7,8
S4956579G,2,10
S5155447J,6,14
S4262937E,8,7
S4834190B,7,10
S7212433I,1,17
S5200316P,5,11
S7709505H,1,12
S7445367B,1,7
S7312065Z,0,16
S7985382S,0,17
S5348789Z,0,15
S6823189K,6,5
S8703934Q,5,2
S6654788T,1,18
S8567906Z,3,13
S6608814F,0,16
S6311709D,3,12
S6842699J,3,15
S5826063L,3,1
S7081372Q,1,17
S7253590A,5,4
S5824126I,4,13
S6492976Y,1,8
S4298422W,1,6
S6791835C,6,20
S8417202A,6,12
S7778199S,3,12
S6856934U,0,10
S6487247U,6,20
S7006646U,0,9
S6614616B,2,14
S8266707P,0,20
S9199614S,2,12
S6442687Q,2,4
S7316289U,4,20
S4995242W,2,16
S7162032G,0,3
S6394001I,3,7
S7377768A,1,14
S8852833A,8,13
S6275473K,0,3
S6413908X,8,17
S5767611N,4,2
S9160089P,4,20
S8109618W,0,2
S6155935B,4,8
S6597841Y,1,16
S5917653H,5,16
S6098998V,5,14
S7341493X,4,2
S6797411C,3,10
S6212149N,2,6
S6414215E,7,5
S5198818I,5,19
S6815068P,8,18
S9469140E,1,12
S7259330Q,5,16
S7027540Z,8,9
S7233875O,3,1
S9293256P,1,14
S7173864F,8,18
S9573734S,3,18
S7211102Z,6,11
S5975366S,2,5
S7255233S,5,17
S6555109J,7,2
S7801661R,1,17
S6661188F,3,14
S5084282V,7,8
S7327857Z,7,10
S6073465A,2,11
S7128837P,0,19
S7624889L,0,19
S9396246W,8,5
S4137999P,0,17
S9254908G,4,6
S5251366S,2,9
S5856217G,3,15
S6457592A,2,2
S9635527B,1,9
S8264037Y,0,11
S4400353Y,8,6
S6969274Q,6,20
S7037611A,2,2
S4704801U,8,18
S9593718R,4,20
S8739431T,0,17
S8161536B,1,11
S5272563C,8,14
S8516036C,6,14
S8381951I,4,15
S5849108K,3,17
S7043859O,0,19
S4144480D,2,19
S6711300X,5,17
S6653365O,7,3
S6405177Y,8,7
S4021473J,2,11
S6868335M,7,10
S4960073F,3,16
S7312065Z,7,8
S6893421I,4,7
S7412333F,2,19
S7256069E,6,19
S4000776Y,8,1
S7374986B,1,16
S6537403S,7,14
S9297087Y,7,13
S6063758V,7,2
S9163779M,8,9
S5908525R,3,19
S8508759C,3,4
S9542519T,4,1
S8800408J,2,2
S4235739P,1,15
S4342176D,5,5
S9544440L,3,16
S8782388B,1,13
S4218583G,4,5
S4237411B,3,19
S8196647A,6,11
S7465377C,0,9
S4087456Q,8,10
S7352394L,6,12
S4853329G,2,1
S6340590L,4,20
S5345914G,2,20
S9515234N,0,20
S6362225C,8,11
S9720385G,1,17
S4118641I,2,8
S4664807G,5,14
S5652466B,0,20
S4067276N,0,11
S6431499X,2,13
S9092282I,4,16
S8951264W,6,20
S4019818E,0,18
S9722793V,1,18
S9801552P,6,17
S4236257Z,1,5
S6610885R,1,13
S6913814N,3,20
S9536353N,3,2
S5559793C,7,14
S7362940L,8,17
S7854424O,2,2
S9468573J,3,16
S8923584M,3,20
S9191326Q,5,11
S7287429W,4,10
S7604987M,7,2
S9515234N,8,15
S7241066B,3,14
S5640870K,6,9
S4880690I,7,7
S7267693I,8,12
S7666841Y,4,2
S7161753Q,0,8
S6739562P,1,19
S5909328F,7,9
S6551487Y,0,7
S4305944D,2,12
S6646928N,0,6
S7499031I,6,12
S6749053C,7,15
S4124613O,6,2
S9541522P,2,15
S6189100D,7,16
S4544077R,0,8
S9674013F,8,14
S7026389Q,8,11
S5230781D,2,13
S4725784D,0,18
S7406541G,0,17
S6446772P,1,14
S5967352G,7,6
S6025280T,6,14
S6569519E,0,3
S4500197D,7,18
S7345663L,7,1
S7997553W,6,6
S7251033K,8,3
S7108969M,1,1
S9180122U,3,8
S6264040J,3,18
S7139511S,8,18
S6948394U,6,20
S6651115U,4,13
S6822820H,3,11
S8053141V,8,16
S6987060I,5,12
S8254528A,8,17
S8434167W,3,10
S6811613P,5,17
S8032996O,5,19
S8072452W,1,17
S7372258R,6,11
S4731955A,4,12
S6420831V,3,2
S6405410S,2,10
S8439431D,4,11
S5983699P,6,3
S6935493E,2,11
S6559187S,7,19
S5467780B,5,18
S7395918P,5,19
S8552620F,8,14
S6545793N,6,8
S6704330K,3,2
S6599996N,1,16
S8334570K,1,9
S6791835C,2,10
S5196206L,5,6
S8282523O,0,2
S4335032F,8,8
S5427813C,7,14
S7201894M,3,8
S7945896R,7,11
S7477363E,8,18
S4829358H,7,12
S6139112L,0,1
S6613360L,5,15
S4218769C,5,20
S6785717F,7,18
S7263605A,7,9
S6440472V,3,9
S7172551Z,1,11
S9254908G,6,6
S8030536V,8,17
S9391976K,8,10
S8595177O,5,15
S6542276O,2,7
S6581584Q,3,14
S7778199S,0,10
S9415761L,5,12
S9154810F,4,18
S5843276O,6,1
S6723736R,8,5
S6968681T,0,17
S6178826E,0,19
S5053967U,1,8
S5316635Z,0,19
S7265702N,4,3
S9876549F,0,20
S7913882W,3,9
S6606305D,7,14
S6553504X,0,6
S6185996D,2,4
S6001833A,7,12
S8942032H,2,4
S6971655K,2,8
S5904910Y,3,5
S6695359F,2,3
S9425904Q,4,17
S7142286S,6,7
S5112438Y,8,18
S4911422A,0,20
S4597510L,2,17
S9050343I,5,2
S7263605A,3,11
S8466862R,0,15
S4573135K,7,8
S5759248W,4,11
S5921435A,5,18
S7181849R,1,11
S4864006Z,6,13
S6492512J,2,11
S8728397O,4,12
S7181928H,0,13
S8620194R,7,20
S9722681Q,8,9
S4739694K,0,18
S7035600R,3,4
S9179618C,7,12
S7012230W,2,14
S4079054K,6,16
S7223304D,1,12
S9602122X,2,11
S5007241F,0,9
S7784983C,0,17
S4351782V,7,10
S4782475S,7,3
S4418585Z,6,12
S6806975Q,5,8
S5935458K,1,7
S8312520J,3,6
S4191598K,4,1
S9666376J,5,6
S5630364R,1,16
S4478111D,8,6
S7403118B,2,10
S7250781W,4,12
S6545099D,1,9
S6314511W,0,10
S7663563D,7,5
S9385812H,4,12
S7191632D,7,5
S5303308N,3,9
S4420132L,0,14
S5409247S,0,19
S6600031T,7,20
S8403405R,7,17
S6113222C,1,19
S8872039A,0,9
S7200227U,0,4
S6689861D,0,20
S7939291V,6,6
S7236479K,8,5
S5967352G,6,17
S9544440L,7,5
S7966164Q,8,15
S6640011O,1,14
S6171865U,1,12
S5017025T,7,16
S8552909G,4,7
S9201984X,4,20
S8537479T,6,11
S6793475E,8,17
S7020101B,1,17
S4000776Y,5,18
S7394553K,0,19
S5146602R,7,17
S7731236S,4,11
S8393965A,1,14
S7349375I,4,13
S6723680C,4,15
S8873155J,2,13
S6790357D,4,10
S7435740S,0,4
S4591539B,2,5
S9798602X,6,10
S7427124L,1,20
S9593718R,8,3
S5817261R,6,19
S6762216F,3,5
S4124613O,7,18
S8365086U,2,6
S4416611U,3,6
S8431347D,7,18
S8923584M,8,16
S6808975U,0,20
S4185475Q,4,2
S8306084O,1,12
S8174343Z,1,3
S6773577G,2,5
S6566815U,7,14
S7395947T,8,7
S4765448U,6,9
S4866580E,4,18
S7648640O,6,4
S9724084C,6,8
S6940785Z,7,18
S5124923W,8,15
S6848215H,1,12
S8047055Z,6,17
S6470827I,4,16
S5748266X,3,3
S5352312R,5,3
S4618266I,0,4
S6720356Q,6,14
S5186039A,3,5
S6645749Y,3,9
S5889944T,2,4
S4029307L,4,2
S4467294K,8,1
S9543376T,2,13
S7262386O,6,14
S9025914U,0,17
S5826063L,8,14
S7380583X,2,5
S8990604G,3,19
S9865437Z,8,11
S8452779X,4,13
S9080094T,3,6
S9162492X,5,5
S6992974A,8,16
S6556142N,0,14
S8580665N,8,20
S8861716P,8,3
S4649399Z,7,8
S4816944U,4,7
S8927376N,1,18
S9609084X,3,10
S7674411S,7,17
S6200759I,0,18
S8360660V,8,15
S8787082U,2,17
S8021569G,1,4
S6620017G,5,9
S4513215Z,7,4
S7026389Q,1,20
S8361818E,0,19
S5767611N,0,1
S6670704L,5,9
S4066741A,7,10
S6326764N,8,15
S8908055U,2,2
S9476503U,0,11
S6465970U,5,7
S9657253U,8,9
S5889179A,8,19
S7736223J,5,8
S5346378I,6,7
S4665272L,0,20
S8071315P,7,9
S7482283S,3,5
S8878329U,2,2
S6836765Y,7,14
S7035600R,0,8
S9895895G,1,5
S9265668I,7,6
S7136478H,1,10
S7277951N,3,8
S8489138O,1,2
S9219492B,8,16
S6446772P,0,12
S5672353M,1,13
S8721722G,7,10
S4756766X,6,14
S4434322B,6,5
S6865307G,5,7
S4022171B,2,13
S5395160O,6,5
S6617091Y,7,7
S8895452Z,6,16
S9343524F,0,15
S8501876B,6,5
S7154268E,8,10
S9894854P,2,2
S5908981I,1,10
S7047252C,6,12
S6353738C,1,20
S8698462A,6,5
S4355497H,3,18
S5236156B,8,15
S7600862V,0,19
S6855673P,7,5
S7614503C,7,17
S7679509W,3,15
S9618217K,8,3
S9390192T,5,12
S8650080J,8,12
S4436121Q,6,12
S4980301H,8,9
S7985301G,0,20
S8613443K,1,14
S6456025T,3,16
S9369571U,0,17
S6493650R,8,6
S8017871B,7,13
S4707643N,2,1
S6239344M,5,8
S6490320W,1,10
S8489714U,6,7
S4582869G,5,15
S7010199Z,6,2
S6189100D,5,9
S9020851Q,8,18
S6817315B,1,20
S7108969M,4,8
S7341003F,3,8
S9224450M,7,3
S9180122U,6,12
S7081372Q,5,5
S6082148H,0,9
S6805292T,0,20
S9396135M,7,18
S6519917Q,7,18
S5531551O,0,15
S6194243I,2,8
S8894028M,1,20
S9401973U,0,15
S7245907I,7,6
S4443501T,7,7
S7358687H,0,18
S4973937K,6,3
S6860148Z,5,4
S6852423M,6,6
S9401973U,1,11
S6444639Y,4,12
S4033114E,1,6
S6797842A,6,20
S6923056W,2,18
S8072452W,0,1
S8977742X,3,2
S7973226H,4,15
S9467052Y,2,10
S7115890M,7,12
S7703460U,8,18
S5830686L,7,11
S8658326V,2,18
S4498102U,5,20
S5974452P,4,13
S6243448F,0,1
S6977938Y,6,4
S6690179F,2,13
S6254999L,4,13
S4988757U,4,7
S4321298O,0,19
S6745519E,8,16
S7494717X,5,9
S8412588I,7,16
S7380513U,1,3
S6932179X,6,14
S6976114S,7,8
S6792632F,2,5
S6844452Y,1,16
S8783031G,8,11
S5212847S,7,17
S6824954P,3,10
S9395759U,6,7
S6772562P,1,18
S9300606D,2,16
S5128374L,0,9
S7176215V,1,18
S6782295B,5,20
S6431499X,7,17
S8293850K,5,19
S5418753F,0,4
S5997838D,3,12
S8698462A,3,18
S7084673B,2,10
S8367612Z,1,18
S9015867D,0,6
S9237711K,4,11
S6624636W,6,16
S9781995L,1,6
S7362074A,4,7
S7658623F,0,18
S7110687F,5,6
S6589283E,6,13
S6967662E,6,8
S7217810U,6,4
S9005551K,3,18
S8313841G,4,18
S8394073W,1,4
S4633691O,3,15
S4241622V,8,20
S6745519E,4,10
S7891664O,5,18
S6499628R,3,18
S9070374E,7,9
S4045227L,2,13
S8698016Q,6,14
S6984157S,4,19
S9657253U,6,15
S4195982B,6,18
S7067265C,8,10
S7757272P,4,11
S9504868B,1,8
S6793755H,7,16
S4182731A,8,18
S6442541J,7,9
S8596517U,4,16
S5958514Z,4,20
S6903549P,7,2
S6299026J,2,18
S7128445A,6,9
S7246478A,2,10
S4162088M,4,20
S7241477H,8,14
S6695359F,5,19
S8991536Y,2,5
S7411933A,0,12
S4198153H,5,20
S6694202D,5,19
S9808397R,3,4
S6922372Z,7,7
S8005549X,6,7
S4097618K,7,8
S4847856V,8,15
S6649325I,1,18
S4260311Q,1,11
S8935328U,1,3
S9023220S,2,6
S9429900H,3,20
S7970603N,8,14
S9365337K,8,11
S6706689N,6,13
S7362940L,4,12
S7009458G,1,20
S7202980Q,1,6
S4355497H,2,13
S8721722G,2,16
S8499594B,0,18
S8709629U,0,18
S4344772J,6,5
S9109778J,6,18
S8878329U,4,8
S6856854H,4,19
S5766849A,4,17
S4148259T,3,15
S8435459Y,5,9
S5576717C,0,1
S9528813I,5,18
S9786072N,2,11
S8436743Q,1,10
S4260340P,6,1
S8878329U,8,16
S8030725T,3,10
S4698292L,4,2
S9454276I,2,17
S7268806O,1,11
S5123654V,0,16
S7471633C,4,16
S8554711W,5,8
S4652659D,6,8
S8546627A,5,8
S7644286Y,2,7
S5477712A,3,10
S7958144A,2,4
S8714661J,8,4
S8697417H,0,15
S4476172F,3,19
S7350987P,2,3
S7271785A,7,12
S9290272B,6,19
S6892566E,1,4
S4346953Y,5,13
S7028146X,8,9
S8716426O,8,19
S4093521K,5,15
S6942111M,6,6
S7067265C,2,3
S8205278B,7,5
S6456025T,7,16
S8201986D,8,14
S4218230Y,8,14
S7468975V,7,11
S5750969S,4,11
S9636995U,7,1
S6777821N,7,17
S6025573G,8,8
S6458881O,3,20
S7282068O,6,4
S6963172E,5,16
S8436743Q,4,2
S6552618O,1,2
S9136043V,4,4
S8890337G,0,14
S4489347U,3,20
S7608828P,5,16
S7986253C,3,18
S7190730S,5,14
S9813502U,1,13
S4071343C,1,11
S6452197D,1,19
S7362431Y,4,7
S7025910R,1,13
S5084282V,6,13
S9542519T,6,12
S4653249K,0,17
S4739694K,4,20
S5759008X,2,14
S6874523N,5,5
S6866396U,5,19
S5957628V,4,17
S5949087G,2,13
S9153084T,8,19
S7335950V,5,6
S6416935Q,3,8
S6152378C,5,14
S7325518I,8,8
S8547062D,0,15
S5938386W,0,17
S8110451K,4,11
S7343140E,8,16
S5007656K,0,19
S7966164Q,1,18
S5859379T,7,11
S9528441W,3,16
S7129443R,8,8
S8133690N,6,19
S5316189R,1,17
S6493300G,2,5
S6785717F,2,14
S9395399V,1,20
S9075463Q,8,19
S4230603V,8,20
S8864852A,7,10
S5586843O,8,13
S7732803Q,7,13
S7241066B,7,17
S5008095E,2,17
S7025660D,0,20
S9219504I,5,18
S5637878M,8,9
S5329640P,8,3
S7009458G,6,8
S5631674E,2,20
S7391364D,6,6
S6428542B,1,5
S6321073D,5,19
S7196496W,7,15
S6450704V,5,13
S8076328D,0,8
S6644008K,8,7
S4047891M,6,19
S4545576S,5,13
S6039155N,8,3
S5856217G,1,18
S7198813T,4,2
S4651438L,4,2
S6916989W,7,14
S7198813T,1,15
S5188992K,3,15
S7702235K,3,15
S6865307G,2,14
S4361676O,4,11
S9611918W,8,13
S6878758U,0,8
S8146790U,0,10
S9571484A,0,20
S5443015S,5,20
S6533400R,2,6
S8196735Q,8,10
S6220346N,8,10
S6477927U,3,19
S4337797U,7,3
S6471195B,0,4
S5880385N,1,12
S6119640E,6,10
S7335373I,8,10
S6690179F,5,15
S9399369M,7,15
S5289594Z,5,1
S4080196Y,6,11
S7609955G,6,9
S7377768A,8,19
S6700355J,5,12
S4546028K,3,14
S8332965T,5,12
S7962573G,8,10
S7614503C,6,11
S7934625U,5,9
S7001737Q,5,15
S5476746A,2,15
S8440182U,5,3
S6425299S,6,4
S4373570P,4,14
S8523965W,8,14
S8412588I,6,1
S7109460B,3,12
S4485185X,8,1
S8334029A,1,18
S5693178A,4,19
S9824966X,7,17
S6166350C,7,2
S9335208V,3,8
S7847963S,6,1
S7444624W,5,7
S6830044H,3,13
S9583694K,5,10
S9866685Q,5,9
S8710961U,0,15
S7964441M,2,10
S8198010M,2,15
S7179572T,3,4
S6649469C,2,19
S8770209A,0,19
S6314511W,1,1
S6916080C,4,20
S4699339Q,6,4
S9814640E,4,15
S6528415U,1,20
S6549983Z,3,11
S6289527X,5,15
S6697584U,0,18
S9762154R,0,1
S6268017Z,0,10
S9360224P,0,3
S9146702U,5,18
S6593195Q,3,13
S6574552P,0,6
S9140316Z,2,3
S7293162T,7,7
S4678057M,2,11
S7329016S,4,19
S7043859O,7,18
S6649758R,0,8
S6454339Z,4,17
S9225152K,1,4
S6694697U,6,6
S7339981Q,0,5
S8484728Z,6,13
S6129979P,3,16
S4300559U,0,18
S9522280J,6,4
S6911666O,0,11
S6645749Y,4,18
S8330277U,8,15
S7076815C,3,5
S8857662E,4,1
S6891543W,8,11
S9712283W,3,10
S5045193X,8,19
S5200316P,0,9
S6456025T,1,17
S4535012I,8,16
S6517527A,5,13
S9351200E,5,3
S9555354Q,0,9
S6826142K,2,14
S6543361T,4,12
S6848373B,7,16
S7768870Y,0,8
S7325833W,8,9
S7054978J,5,15
S5024220A,1,6
S8745901W,8,10
S6767292C,4,13
S7456230T,7,12
S4947596L,2,14
S6490205W,4,11
S5470700U,7,18
S6749053C,0,16
S6752799R,2,17
S6413908X,7,14
S6878251L,3,10
S6855673P,4,5
S6427211D,6,9
S4270231J,3,8
S8219779T,0,5
S7023948X,3,11
S4618266I,3,11
S7210999K,5,9
S7659716Z,0,16
S7762638I,7,15
S8513439Z,5,4
S6038633F,1,3
S8509974C,3,12
S8754228V,0,14
S8985494K,2,6
S5320187V,7,15
S4673282W,1,7
S7322480G,4,3
S9412887A,8,7
S9225152K,5,1
S6025573G,3,17
S8037353G,6,18
S5625876W,4,18
S7049939Q,5,18
S6414215E,6,9
S5812755M,8,18
S5668064A,2,19
S6493300G,4,3
S7766461U,5,6
S5693096K,6,5
S7897149L,1,20
S5443015S,8,3
S6963368S,5,10
S7786736W,2,10
S5274271M,5,17
S4753129S,7,15
S5470700U,6,2
S9104812P,1,14
S6304709U,4,16
S9554079G,3,16
S7056702V,5,12
S4008956K,4,15
S9492863Z,8,20
S8256083T,1,4
S6083815Q,1,12
S7417711C,3,16
S7805913M,4,4
S7299541V,2,5
S4197519D,8,4
S4060820K,5,10
S9482406F,0,11
S7404670I,1,9
S5784613X,4,14
S5010085U,6,17
S7153088A,3,16
S6913633D,2,3
S6701567L,2,4
S9542009D,0,15
S6792632F,6,8
S8031384A,2,11
S5932772D,7,13
S8881694L,2,16
S4891176Y,2,12
S5050668D,7,7
S4040306C,2,16
S6723680C,0,11
S4218583G,2,20
S7236479K,3,5
S8607568T,5,18
S7413550A,5,13
S4076007V,7,18
S9195318M,5,10
S5007923G,4,2
S6903097G,2,20
S6486772U,1,1
S9039551H,4,5
S4616181J,7,20
S6115787D,6,6
S9037241Y,1,9
S5104441T,3,13
S4139127O,8,8
S4934424J,1,11
S9463185J,2,17
S8921934J,1,2
S7161488D,3,11
S7985301G,4,19
S8176949O,8,2
S8096752Y,6,5
S6819632X,8,5
S4624009B,8,7
S6631510L,1,9
S8683565P,7,12
S5714419B,1,16
S9722793V,6,16
S5260079W,0,19
S7666841Y,2,11
S5429066I,1,15
S6526692J,3,19
S4373995D,7,14
S9446685X,4,12
S8333610J,2,15
S9894089C,1,13
S6538449E,0,8
S6338632Z,5,9
S6790983K,0,12
S9545843F,8,14
S4311975G,7,7
S5228937X,7,11
S7314952I,4,15
S9317676L,8,3
S7905751C,3,16
S5734245L,8,18
S6825093I,7,14
S5559753A,2,16
S7039098M,1,13
S6882038C,3,6
S6594883L,5,12
S5520209O,8,18
S8673639C,2,20
S9605134K,8,8
S7018141C,0,19
S9077553D,0,9
S6969852U,5,11
S8022961U,6,14
S9299237S,3,11
S8454196L,4,7
S6156514P,8,2
S6843631Y,6,19
S6629518I,5,20
S6653336D,6,15
S9163779M,7,10
S5397107X,0,6
S6451225J,0,9
S7801239N,7,17
S4791664G,4,9
S7259533N,2,19
S4606390J,2,3
S6831476V,3,16
S6082148H,4,18
S9758600Y,0,18
S9509646Q,1,3
S7204461Y,1,20
S7623994E,4,18
S7847963S,5,16
S6843168H,6,17
S4589519J,1,11
S8350804J,8,13
S7151870J,6,13
S6940785Z,3,1
S6998300Y,8,3
S5935458K,6,9
S5284763Z,8,14
S4186712H,6,1
S6490205W,2,2
S7215294W,4,20
S9458984A,4,7
S4659113U,6,4
S4454256N,7,10
S8149190M,7,10
S7801239N,5,4
S4713463D,5,16
S4872916L,0,18
S6149131A,8,16
S5592181J,5,5
S5683672J,0,18
S9395399V,0,9
S9781995L,2,14
S9095196P,0,11
S9594271C,0,12
S7958144A,6,15
S5045685N,7,13
S5899440S,3,10
S7209393U,3,18
S7127118T,8,20
S7866051R,3,4
S5628610I,8,2
S8537479T,0,13
S4986563Y,2,16
S8047055Z,1,15
S6668968Q,8,8
S4780201L,1,4
S7218973Z,0,16
S5231257I,8,9
S6859353G,0,8
S4428463C,3,8
S7299541V,8,20
S9209330B,2,8
S7638752O,1,11
S7456186P,2,15
S6918920N,3,13
S6769723R,7,12
S7073383W,4,16
S4879726B,6,13
S7978920N,6,13
S6907633A,4,16
S8741478B,0,5
S6536980I,7,5
S6754362G,4,14
S5974050H,8,3
S4015791T,7,10
S4570468P,1,20
S7137950P,6,12
S6457592A,3,7
S5901186Z,8,17
S9396246W,5,17
S5531551O,1,9
S4976670O,3,14
S4102962R,5,4
S7357076X,0,10
S7372701T,0,10
S9826513T,7,5
S6733743O,6,13
S7209709F,5,17
S4986945E,6,14
S9050208U,3,15
S7326936K,7,8
S7963639G,0,13
S8162339O,5,13
S5395160O,4,15
S6447683X,4,9
S4228954D,5,7
S6741161G,7,16
S6918641A,8,9
S6349374Y,0,16
S6462201N,3,2
S6800719O,6,1
S6459227F,1,4
S6671308F,0,12
S4659113U,7,6
S8334570K,6,1
S7086015S,7,19
S5065069H,8,5
S8445102T,6,11
S7139511S,3,17
S7805650K,1,4
S7120090J,0,11
S5031655M,3,16
S6661188F,0,17
S8098820S,3,13
S6788743A,8,7
S4303107B,5,12
S4624581Q,8,17
S7436251H,0,20
S5743464V,2,12
S8715787V,0,18
S8756476E,1,3
S4367102C,0,3
S6693669F,2,18
S5983699P,4,16
S7663563D,1,11
S6253244E,7,12
S9037241Y,0,15
S9235114Q,5,11
S9862704P,5,3
S8115652U,8,20
S4047609N,1,13
S7318490F,1,11
S5039304U,4,19
S9488602P,4,10
S4225834C,5,7
S4749337E,2,20
S8201986D,5,14
S5344386R,5,15
S7495282L,3,2
S4840223R,5,1
S6327463C,7,2
S8524586X,8,12
S9810804H,6,15
S6972181W,0,18
S7395033V,1,8
S6443652R,4,15
S4047957O,4,20
S7110687F,7,3
S7854424O,3,3
S8628707L,1,16
S6734950W,3,1
S4741703C,7,19
S8364270X,0,1
S5913783N,4,7
S6304248V,5,8
S6723296S,3,20
S7032339Z,1,17
S6465497A,5,14
S9201984X,6,16
S7155340Y,7,9
S7349203M,0,7
S6129979P,1,9
S6624636W,1,14
S8283968F,4,1
S5361090I,3,17
S9146994S,8,14
S7378727T,5,2
S6649758R,7,4
S4468217N,6,16
S8538436H,1,1
S4665272L,6,3
S8704409H,8,5
S7363186I,7,16
S8463015Y,4,7
S6982877J,1,11
S6465928G,3,16
S7358687H,8,8
S6691569E,1,4
S6024929B,6,16
S5592181J,6,13
S6553793K,0,3
S6255592K,3,9
S5563702T,2,12
S9508001R,8,8
S6792712X,4,16
S6371349B,2,7
S6147323L,4,16
S4139127O,2,16
S6539682L,1,18
S6677997I,0,1
S4945283Q,3,5
S9695022I,8,16
S5999416N,8,19
S4720479E,8,5
S7617345W,7,14
S7610147G,6,6
S9119024H,6,17
S6304805G,1,1
S5239762T,7,4
S7171707U,4,8
S5908525R,4,19
S5124923W,5,3
S6762690U,4,16
S6589744T,7,8
S8944764P,7,17
S5793873Q,0,14
S9801179A,0,15
S9265668I,2,7
S8668218A,7,6
S5204111S,0,14
S6882688I,4,15
S7784983C,3,5
S7115886P,5,11
S6857463E,1,5
S4263530F,4,5
S7276075N,6,20
S8775775L,1,9
S7077426M,8,7
S4047609N,0,1
S9685872X,0,17
S7648504T,4,12
S8030536V,1,20
S8072825N,7,11
S4275523A,7,5
S6180721B,4,5
S5480551C,8,8
S4258563R,8,18
S4366465X,1,7
S5007740L,0,2
S6412340H,8,12
S6802402U,6,14
S6624270Y,0,12
S6442643B,1,14
S7986253C,1,8
S5702736E,3,11
S5372297F,1,19
S7745761C,0,19
S4739726D,3,13
S4839469K,3,16
S8496370R,8,9
S9392924O,0,3
S9895111G,8,20
S7460296E,6,9
S7055579P,3,16
S6848215H,6,16
S9260974J,5,15
S4964349H,1,3
S4596672E,3,3
S7422062A,1,12
S6610503K,0,10
S6913814N,7,15
S7368653D,6,16
S7805250S,3,16
S4666863N,7,2
S9827695X,8,7
S8793016E,0,15
S4570072W,4,14
S7673847O,0,11
S6774570X,5,17
S7773482P,4,16
S5460507J,5,14
S5919125E,3,4
S7707164J,1,13
S4052482E,6,9
S4862011Z,0,6
S8155090B,3,3
S6557891Z,2,15
S4934424J,0,9
S5255737C,7,10
S4960180V,6,18
S7296065E,8,13
S7495282L,5,16
S7056702V,2,12
S6512868A,0,13
S8925778N,4,11
S7943100I,4,2
S7102793M,3,1
S6719622L,6,14
S6763632P,5,13
S6855771A,4,14
S4757718R,7,3
S8620756N,2,8
S6113222C,7,7
S8489138O,3,13
S4282030J,8,2
S5037308U,2,7
S4129817N,6,13
S6477247V,7,18
S6723296S,2,3
S8476046B,8,15
S6827697J,5,13
S9454276I,3,14
S7440664O,3,15
S5892430A,1,18
S4153040G,5,8
S9605609Q,4,11
S7076815C,6,18
S6322710Z,0,20
S7320891V,0,15
S4665341J,8,10
S8034273P,1,15
S6668484C,1,10
S7266441J,1,8
S8884261T,8,20
S8361818E,1,8
S4706132J,5,12
S8737820V,3,18
S5801553V,6,13
S8903176E,4,16
S6005438J,4,18
S5625066U,4,12
S4632493M,3,20
S7111046S,2,5
S4685832H,0,8
S6371349B,3,13
S9487098H,0,9
S6959368U,2,13
S6541281R,6,19
S6950592K,7,19
S4100866B,2,18
S6428066Y,3,18
S8215661O,0,17
S6769029C,1,12
S9525084R,4,16
S5521404Z,4,11
S8552620F,6,8
S8440324V,8,19
S7962136P,1,7
S7408616E,4,6
S5144491Y,6,8
S8454483J,6,4
S8109618W,5,19
S5050668D,5,16
S5520209O,3,15
S7834816T,6,3
S7402191X,7,12
S6907280F,1,5
S6264530S,0,16
S7412712O,4,7
S9605134K,0,8
S5873016N,0,9
S7885590T,2,11
S7122637P,8,5
S8071315P,2,4
S5804275R,5,13
S7336619Z,8,20
S8969435A,1,19
S6797586P,3,13
S6760600T,4,17
S7748948Y,1,4
S9499552G,7,8
S9807924F,8,11
S9487098H,6,20
S8625751C,4,12
S4325976U,1,15
S4794563H,7,5
S7125416O,5,20
S6545786Z,8,6
S6715666Y,6,13
S6565600T,1,18
S6843323Z,8,2
S6612288F,2,17
S6622648Q,5,16
S6505289B,1,14
S8372173X,8,15
S7756309X,3,19
S8596451U,0,13
S9371654G,7,20
S4729143Y,8,10
S7958091D,1,11
S8115652U,6,3
S8534226H,5,11
S7340872Z,8,14
S7082512H,5,13
S9747274A,3,3
S5932772D,1,18
S6881625Q,8,3
S4847540V,4,5
S4739726D,1,19
S4069162U,0,12
S7681263N,4,1
S7642046J,6,2
S8344724Y,4,6
S6447198U,4,16
S8262790F,5,11
S6744459U,8,13
S7167550H,1,2
S4650502U,5,19
S8313008Y,4,15
S8834767R,3,18
S5155676Q,1,9
S6788994H,3,5
S6418748L,8,15
S5494100O,2,14
S6454713B,1,16
S8648992M,6,11
S8593124Z,7,17
S9039551H,8,4
S7318490F,8,16
S7244291M,3,18
S9485139S,4,7
S9624991D,8,5
S6555564C,7,11
S7125005V,7,8
S6452197D,0,16
S4272308F,3,6
S4114853X,3,8
S6656755A,8,6
S9541619V,7,17
S6228535V,0,10
S6552417X,1,1
S7912060U,3,12
S9722793V,0,6
S4280548G,2,18
S8455640P,2,16
S6887500X,8,15
S8732384K,4,9
S7305058T,4,10
S8176181H,2,19
S5476746A,3,4
S8102873S,2,6
S9608986L,1,20
S7077735V,5,13
S4805262M,6,1
S8903176E,7,13
S6708545M,5,6
S5734035P,7,13
S7179948E,1,15
S6773577G,7,12
S5780954Y,5,17
S7157650P,6,9
S4643245P,3,13
S6261593F,5,8
S4624581Q,3,8
S4377281Z,8,5
S8117258C,2,20
S7751386T,2,17
S4934424J,3,20
S5036868V,2,14
S8076328D,8,10
S7020274D,8,13
S8834527A,6,9
S8269868H,3,1
S6118844E,4,3
S4377281Z,1,12
S8411715N,7,12
S6786194C,8,8
S5134099V,6,18
S7968067O,8,17
S9752808L,0,17
S7211337V,8,5
S6374671H,4,14
S9311531D,3,6
S4602991J,2,14
S4536996U,1,15
S6818258Z,2,8
S6864543Q,3,10
S6884295T,2,14
S7396024F,0,16
S7186274Y,0,3
S9285280U,4,13
S7711953G,1,14
S5424491P,3,15
S6578877M,3,16
S5645719A,6,12
S7998244O,8,9
S7049939Q,8,12
S9714447S,3,6
S4195982B,3,19
S7148065P,5,14
S5093030D,0,7
S7267693I,4,6
S9250014W,6,19
S7626266B,7,14
S5202960U,7,7
S8744781E,2,5
S5104441T,1,6
S4097618K,6,2
S4860308Z,0,11
S6794835H,1,4
S8683565P,4,6
S4645148R,6,20
S6860944Q,5,18
S9525084R,8,15
S7912060U,5,2
S9173530U,6,6
S5944141K,4,3
S5125839R,2,16
S4645148R,5,4
S5672802J,2,18
S6482177P,1,19
S6820080U,0,20
S8770613W,1,15
S9284812J,1,18
S7214276U,0,20
S8738251X,8,9
S5731665A,8,2
S5758739A,1,15
S5629303W,8,19
S5010085U,8,10
S6649469C,3,15
S5367557W,6,15
S6706689N,2,17
S5683014E,1,9
S6959498S,5,14
S6612859L,2,20
S4166800Q,7,5
S7694524S,2,20
S6578877M,0,6
S7190441G,3,12
S4934424J,4,20
S6921692O,6,17
S7790963J,3,20
S6479958M,2,20
S8798536U,2,10
S4981286T,7,19
S8177955O,8,7
S9162492X,8,12
S7458552D,3,8
S9173530U,1,7
S9419593E,6,19
S6750965I,6,19
S7168652L,7,9
S8903259C,7,18
S6843168H,4,7
S8067981H,2,18
S6424303F,2,13
S8429615T,8,20
S8316722Q,5,13
S9137972R,1,17
S7361243S,7,13
S7253590A,7,2
S6620748P,4,3
S8017871B,2,19
S7379045E,3,8
S6001833A,6,5
S6417602T,4,14
S6629108Q,3,19
S5569236L,7,18
S6573744M,6,2
S8515911Y,7,10
S7992799G,3,4
S8068571I,4,13
S6565600T,8,12
S5240044V,1,1
S6447198U,5,15
S6036222C,3,5
S5748503I,4,6
S8747373U,5,5
S6511202M,2,17
S4029699P,0,17
S4617604M,0,13
S5753174I,8,7
S6341966H,7,10
S6483958T,4,6
S8177955O,6,2
S5318894U,6,19
S9464849S,0,7
S9136043V,8,9
S4294187K,2,14
S7064407F,1,13
S6951440W,2,7
S6953599G,3,11
S7610147G,8,4
S6881081E,3,12
S4587821N,1,5
S5071839X,7,16
S7071066P,5,18
S9350603M,5,2
S8565270W,3,2
S7072012S,1,6
S7079068R,2,7
S9660735S,4,13
S8489138O,4,6
S7039098M,7,18
S6704330K,5,11
S9467593J,8,16
S9703781F,5,16
S8287001W,6,7
S6778960P,3,12
S9666376J,3,19
S5296913E,0,8
S6511202M,7,17
S5893291Z,7,19
S7170691G,8,15
S7621519G,3,1
S7377746C,6,14
S8754228V,1,9
S6033478E,0,20
S8326947P,6,14
S4923848B,3,4
S7444624W,4,7
S6488406H,4,2
S9769738T,8,7
S9518099G,8,5
S8017929N,0,9
S9539215H,3,2
S7355539A,8,11
S4624009B,6,17
S4964349H,3,14
S7751386T,4,17
S7808507T,8,5
S9162492X,4,5
S8564025F,5,15
S6885088B,1,13
S7490117G,5,3
S4213736X,3,6
S7962136P,8,7
S6917856V,8,1
S5008452G,7,10
S4937309G,0,18
S6649469C,0,16
S9780872T,3,1
S9791681M,3,15
S4272353E,5,20
S8831934O,8,9
S6679166T,4,12
S7432779Z,0,2
S7638752O,0,7
S8452384P,0,3
S4295885V,1,6
S9365873P,3,15
S6751727H,3,3
S6517323A,3,16
S6425299S,8,9
S8282523O,2,11
S7239056Q,2,10
S7376536B,5,6
S7400708L,6,8
S4476660U,0,10
S7985382S,7,13
S6770378U,4,13
S6569099Q,3,16
S6932908V,4,16
S7153819C,8,20
S5980712O,7,7
S5784632C,1,12
S4988757U,6,6
S9446808G,5,14
S5061774W,4,1
S5642605N,6,13
S4558202S,4,6
S5115740W,6,12
S8890337G,8,8
S7446528F,6,20
S9674013F,7,2
S5841274T,4,14
S5952467R,7,19
S9572153O,0,1
S8246355A,5,14
S8508148E,0,14
S6240090C,3,19
S4193943N,0,17
S8145262E,8,11
S5403343B,8,16
S8465424Y,1,11
S6959758N,2,4
S8896029C,3,6
S7029972Y,5,6
S5173527R,6,15
S6792247L,3,17
S5862054P,0,13
S5657547H,6,9
S4860308Z,6,5
S5204620P,7,19
S6811986W,6,14
S6708545M,3,19
S5374272P,5,15
S9751162Z,1,7
S6185794L,4,9
S4979396A,4,20
S5264068Y,8,7
S7751386T,5,19
S8589891Y,3,18
S7996124H,3,2
S7109331K,0,9
S5140484A,4,3
S4999603L,0,16
S5010975Q,3,10
S8897218B,2,16
S5954577P,0,2
S8736965F,1,5
S6530504M,6,14
S8950686N,7,18
S6312075B,6,20
S5594589U,0,14
S8378241D,6,19
S6444639Y,3,6
S5544711Q,5,20
S6645379G,8,10
S4520691A,1,5
S4807036W,5,12
S6881356Z,8,8
S5980013S,0,19
S7339123D,7,13
S5151822Y,1,4
S5862054P,6,18
S8476046B,0,7
S6938811S,5,17
S8025290M,0,3
S4623627S,0,13
S4958236S,1,9
S7183352C,7,19
S7727025H,1,8
S6542276O,4,16
S4000736D,3,17
S5607508U,1,11
S7923385L,7,3
S7933946G,7,20
S5826063L,7,5
S4788747F,7,10
S5478212R,6,13
S7107255Z,7,17
S7010199Z,4,5
S7163145V,5,5
S7430429F,4,19
S9392078S,4,3
S9774125Q,8,10
S9853972V,1,19
S7223036D,5,17
S6498182G,5,13
S9451476S,5,15
S9786043N,8,8
S6442541J,4,16
S7328719K,5,10
S5248058C,1,15
S5228072A,0,14
S8464454R,8,12
S6639318O,4,20
S9368642W,4,13
S4386556Q,7,15
S6773206M,8,20
S8519250V,7,19
S7757272P,7,12
S6256704W,0,6
S4499911F,7,5
S9673315X,0,15
S7119030N,7,10
S9706775U,8,13
S8262790F,0,10
S5038140T,1,6
S5804275R,4,3
S5075613O,4,8
S4807687O,0,12
S5037419E,8,10
S7340872Z,3,16
S9629239A,8,17
S8441624D,6,3
S6533400R,6,15
S7657625P,4,16
S6423812C,3,2
S5910970Z,7,14
S5252051H,0,15
S9632503I,5,6
S6431527R,4,2
S9401256X,1,17
S7462215L,7,15
S4198211M,3,19
S6392823A,1,18
S9163148Y,6,15
S6611449P,4,2
S6661035E,8,7
S7125005V,3,9
S9818069Z,6,17
S4150041Z,0,18
S9314476L,0,19
S6763408Q,2,20
S7222673J,5,17
S7804819O,6,13
S7441693Z,1,10
S4060976C,1,14
S5642279O,7,11
S6677997I,1,18
S5572649Q,6,14
S6422525C,0,11
S8761556C,6,8
S7605256Q,8,17
S5405469I,4,13
S9594397C,2,16
S8734891G,3,14
S8801347O,7,20
S8543860J,2,10
S8119074G,3,15
S9786072N,4,2
S6927538N,1,9
S6371349B,7,15
S4312193C,0,3
S8963938S,4,8
S5554623C,3,6
S4013287N,3,8
S6493934L,8,13
S6806975Q,6,6
S8540019Y,6,16
S9063194T,1,9
S4911996O,5,19
S6632695O,1,16
S4976129W,2,14
S6778358D,6,5
S9437274D,7,8
S4832687C,4,2
S6632002B,0,20
S6025373D,4,15
S7717564D,8,12
S8983760A,1,7
S6819782C,4,18
S7702721B,3,8
S6328470W,5,14
S6264040J,0,9
S4076007V,5,15
S8737945B,5,1
S5186039A,1,5
S6095440N,1,7
S9790430W,1,20
S7191632D,3,14
S6442687Q,0,7
S9791454C,6,19
S4960180V,5,11
S4758385H,8,20
S5667393T,2,16
S6453674J,1,12
S6461431J,2,7
S8990364E,1,17
S7416536J,2,6
S6585164P,3,10
S6753102J,1,19
S7406541G,5,8
S4049608O,7,15
S8395178W,2,16
S8976637W,0,10
S5183046B,5,4
S5076828U,3,2
S6730704B,7,9
S6974391K,1,18
S6929768H,1,14
S4161441V,1,18
S7763865Q,5,18
S7388075A,6,2
S5575760K,8,19
S7089524R,6,15
S5738756X,6,1
S6501078T,4,10
S4051727Q,5,14
S6268711C,8,10
S6861290E,7,7
S7199166Y,2,4
S4644859P,3,13
S4121238C,5,14
S8418074L,3,17
S4999603L,4,10
S7238345E,1,10
S7032379E,1,18
S7771367M,7,9
S6585368J,5,19
S6819846H,5,19
S8441624D,3,5
S5560572K,4,20
S7150678C,2,12
S8867156O,1,17
S9183747V,3,20
S6585260R,2,9
S9472953R,6,4
S4923848B,4,12
S9327716K,5,3
S5401094Q,7,10
S6559726Z,0,7
S9756333M,4,9
S8564025F,2,9
S7109460B,2,7
S8475383Y,3,20
S4066300A,5,15
S6784042D,5,15
S8099220F,2,15
S4270235C,0,7
S4894563C,0,20
S8154596C,0,18
S6916242B,3,11
S8440182U,1,16
S8994310N,4,13
S6734950W,0,12
S9470039V,7,10
S9007984P,1,18
S5155676Q,6,13
S5541977U,1,7
S8547062D,4,5
S5608357K,0,9
S5418016S,0,20
S7383627T,0,3
S9518696F,0,16
S4617604M,2,19
S5486035O,5,18
S8785626O,1,10
S9542009D,2,15
S4148259T,5,2
S6073013Z,8,9
S6149268V,1,20
S7358687H,5,2
S7623994E,2,12
S7131030Y,5,4
S7714525C,5,6
S6846527I,2,17
S6401130K,8,5
S9829032W,8,14
S6552416F,6,20
S7907199D,7,6
S6562305Q,3,18
S8552620F,1,20
S7997553W,1,2
S6632695O,8,10
S5053389M,2,12
S4246961L,4,18
S4988757U,2,3
S9293256P,6,4
S6773878Y,3,14
S9202411Z,8,13
S7301579W,2,17
S6494919L,6,2
S6426696E,3,14
S8233162Y,8,19
S6059053K,4,4
S4078436M,1,12
S6408313U,2,3
S8613671L,4,19
S6433951H,4,13
S4533112R,8,2
S6866173S,6,19
S6833032F,3,9
S4999603L,8,16
S5443015S,2,1
S5458942P,0,2
S6087469Y,7,6
S4988757U,0,4
S8634915L,0,4
S6359349Q,6,5
S6629108Q,4,19
S7265154I,6,17
S4701576H,5,7
S6028347Y,4,16
S6256008Q,5,15
S7391364D,3,8
S5793873Q,2,15
S6720356Q,2,20
S6527631T,6,2
S6618836C,2,8
S9738876Z,0,17
S7223036D,0,15
S9284812J,5,2
S7040198V,4,1
S9234618R,0,13
S4618266I,8,16
S9513430S,7,7
S7876921N,7,8
S9451476S,2,13
S7383627T,6,11
S8552620F,0,20
S9534899R,0,11
S5575760K,5,9
S9382127W,8,19
S7289983F,0,7
S7642046J,1,1
S6479958M,6,15
S8497273J,8,1
S6499958E,3,14
S4739726D,0,13
S9778310O,3,16
S4093521K,7,13
S7253590A,1,12
S6189100D,3,19
S7437427T,0,10
S4079783I,7,19
S4825288T,7,12
S7731448M,0,20
S5924646B,5,16
S6319364B,3,4
S7165288W,1,19
S4854552R,7,4
S7458552D,8,20
S7346238L,1,6
S7472176O,2,20
S6834158I,0,2
S7254042V,1,17
S4377446H,3,12
S7352394L,7,6
S9812651N,2,14
S8388994F,5,20
S6582392M,2,19
S5905657G,7,13
S5640035N,7,17
S7107411J,7,15
S5888338J,7,11
S5429918L,2,7
S6990364C,8,17
S8813886K,0,7
S7369513R,7,12
S5999416N,0,17
S6494328T,0,5
S6792195X,4,2
S9546896P,7,14
S4003477S,5,17
S5792048I,3,5
S4606089X,6,15
S6428542B,4,18
S8569110A,4,11
S4224309N,4,7
S8957937E,2,9
S9079784A,0,14
S7430025Y,7,3
S6046725Z,5,9
S7324786T,3,6
S7297538O,6,15
S9136043V,6,3
S8810730N,5,17
S7678925P,5,8
S8941532Z,5,4
S7095962E,3,18
S6115361Q,2,6
S8953929B,8,4
S9490805E,1,6
S8153777Q,3,18
S7100644U,7,8
S5734035P,5,9
S6741179Z,0,18
S5292361X,8,11
S6299026J,0,10
S7431487O,4,3
S4487609M,5,16
S7363924T,3,20
S7441002R,3,14
S9093145Y,2,3
S8743683G,4,12
S4154136Y,5,8
S9554079G,2,13
S9844101F,5,11
S6268017Z,8,16
S4268531C,0,8
S8529357X,5,6
S4003477S,4,15
S9787129B,4,12
S4562330A,1,5
S9534899R,4,3
S7040144R,2,9
S6884295T,0,9
S7617804L,2,2
S9237543N,1,4
S6654788T,7,9
S9788804F,6,9
S4624633M,4,5
S8818227H,5,11
S4461208L,5,15
S8074365U,2,9
S6878584V,5,17
S7053470B,0,20
S7165079K,0,15
S6697917A,8,7
S4572679O,2,14
S7119025X,5,10
S4823295N,3,8
S5380476E,3,9
S6806975Q,1,17
S4344772J,4,11
S7240064E,0,8
S6620748P,5,9
S9631901W,3,13
S9777157M,3,17
S9044523N,5,16
S8258498O,2,13
S9604747C,0,11
S6909339A,3,9
S7368411R,8,2
S9081531T,8,8
S9208727Q,7,11
S8920342T,6,16
S6979195U,3,5
S4595896S,0,19
S7334191X,7,1
S9778310O,2,6
S7193269E,0,2
S4181334U,8,6
S7703460U,1,9
S5494100O,3,17
S6494339O,7,18
S4768184G,7,16
S5734035P,2,11
S4932858G,5,16
S4312193C,1,1
S8962379Y,1,8
S9143480Y,7,6
S6536980I,0,6
S6260998E,1,19
S4505583B,3,12
S9649515R,5,4
S8403405R,0,14
S7368411R,7,17
S6759675G,8,17
S6472362O,2,7
S6888630B,8,16
S5778597N,6,20
S7983828R,7,8
S7123987M,1,15
S7079068R,4,13
S8529357X,0,4
S7464649H,6,15
S6899698V,2,3
S6105359X,0,19
S8122985O,7,10
S8465173P,1,20
S6608360J,4,13
S6515779I,5,5
S6498182G,7,19
S6797836I,2,11
S9392924O,2,18
S6646928N,1,13
S9153776Y,8,11
S6921951A,7,6
S5071839X,0,9
S6025573G,1,13
S6487250V,6,18
S8725817W,1,5
S7346424X,2,5
S4029699P,6,15
S8339285P,2,16
S8872039A,8,15
S7181144S,4,17
S5272819K,2,17
S7469833Z,2,18
S6073013Z,5,7
S6630541B,0,18
S5361090I,5,19
S5980013S,3,19
S4476112V,3,17
S7895930G,1,15
S8970344K,2,18
S7035600R,2,2
S5115309C,0,18
S9893783U,6,12
S8316450R,7,9
S6092384Q,3,14
S6557883B,7,7
S5401094Q,0,20
S6376505V,0,18
S7418333O,3,10
S8149190M,8,6
S8203164K,6,15
S8321441O,3,1
S4128710W,1,4
S7648640O,7,19
S8916493D,5,19
S7362084V,5,13
S7460192U,4,17
S6865307G,7,20
S5015663W,6,8
S9506895O,3,19
S8198010M,7,6
S6020009D,2,10
S5294858O,5,15
S8565674O,5,18
S7855374V,5,10
S8686765S,1,4
S7121840Z,3,6
S4006017R,3,20
S7266441J,5,13
S4883844T,5,19
S7377776W,8,5
S7276814E,0,7
S6856950I,3,18
S6978644H,0,14
S9401256X,7,20
S6074780Q,1,10
S7923729M,4,11
S9487098H,5,5
S8800408J,7,7
S8846800F,5,18
S7164572S,2,8
S4496648T,8,9
S4358141U,7,16
S5130702X,0,18
S7941328C,8,7
S6569519E,2,14
S8521291F,7,19
S9415082G,7,9
S9867733P,3,6
S6129537C,1,7
S9179546Q,1,17
S6588321H,5,11
S7430254N,1,13
S7480080E,4,4
S6139112L,5,13
S4720088M,2,1
S8235865M,5,16
S8603378Y,2,17
S4298422W,7,15
S9003730J,3,2
S8469934J,6,5
S7302214D,3,17
S6945977K,2,9
S7163346V,2,12
S8155402X,5,5
S7479386Q,8,20
S9177663Z,6,10
S6621023N,7,12
S7916691V,1,14
S6005438J,0,17
S8440413S,6,4
S9311531D,7,18
S9219504I,2,15
S4042090Q,7,4
S9210650U,8,9
S4053888Y,4,13
S8414658G,4,16
S6797017K,5,14
S6149268V,7,12
S5980013S,7,18
S7240064E,7,16
S6793454H,6,10
S7144434D,4,9
S8393524Y,2,11
S6456198B,5,18
S6784042D,2,20
S7302588V,0,15
S7262861T,7,14
S6827120N,2,13
S6188378I,1,17
S5036402M,4,8
S9496410O,8,12
S8416003D,0,2
S7938802S,2,11
S6449940H,0,6
S6185996D,4,17
S8878329U,1,19
S5976664P,0,20
S7093099Q,0,2
S4833927K,8,15
S7255513T,3,1
S4656295Q,8,3
S5490698J,4,15
S7373944I,1,1
S4181334U,7,9
S4768184G,3,10
S6172290Y,3,3
S7032339Z,3,14
S5337643W,5,6
S7020125X,7,1
S7181144S,7,8
S7614503C,4,13
S6891543W,0,18
S9886567Q,7,9
S9226738A,0,20
S7631236G,0,3
S6319364B,5,17
S5749697U,2,13
S6166350C,2,5
S7002963M,6,14
S6424558R,2,16
S6886717S,5,1
S6339590W,4,16
S9011504F,2,7
S7951856N,5,17
S9621107N,4,14
S7402850Y,3,17
S4735902M,5,4
S7965205E,4,3
S4042324W,4,2
S8436049N,6,8
S4499911F,0,6
S6271015A,4,7
S7016008H,5,18
S5868441W,2,8
S6212303N,5,7
S9628356B,5,4
S6589723V,0,7
S4872916L,5,8
S7350987P,5,19
S8317761J,4,18
S6848215H,2,4
S4589519J,7,7
S7465167N,7,1
S5890595L,6,15
S7028816E,4,6
S7947164B,5,13
S8208828M,5,9
S6730704B,8,4
S9251432A,4,10
S4022542S,1,19
S4998486D,7,2
S7431737I,1,7
S7033282A,8,14
S7348501E,6,14
S8983830T,5,19
S5377806H,4,1
S9160089P,7,12
S8145614S,7,1
S8439431D,6,14
S6971186D,5,17
S6808116P,8,12
S7476675U,4,1
S4536996U,7,19
S7119118C,0,1
S7439717B,1,11
S6901084U,3,20
S7333844M,8,10
S7087103A,3,2
S7417711C,5,18
S6974127Y,0,11
S6314032D,8,5
S4968322W,8,13
S6719520X,4,11
S7933371U,2,17
S9302660M,5,4
S9254969Q,3,19
S6927500G,6,12
S6789594P,1,11
S6747550M,3,13
S8125604K,6,17
S9469529F,8,2
S8908055U,4,10
S9401256X,6,8
S7203169A,0,18
S5342054F,5,8
S8770613W,4,20
S5766849A,7,7
S7093500T,7,13
S4062750A,6,6
S9311531D,2,20
S8358093Y,5,7
S6678749P,2,13
S6658994W,8,13
S7804819O,5,3
S4589519J,0,9
S7146986I,2,18
S7328719K,4,15
S6464977N,5,4
S4325720R,5,12
S5144491Y,5,16
S6028347Y,8,17
S8955049O,8,1
S7363132J,1,18
S6778290F,1,16
S6773577G,1,13
S5302512C,4,12
S8881552P,0,10
S8394073W,4,19
S5795023J,3,11
S6827120N,0,18
S5759248W,1,18
S6485166R,5,13
S7622526X,4,6
S6654243L,0,1
S6451225J,6,12
S6059053K,2,10
S9251432A,3,12
S6852141D,2,12
S4370763B,2,14
S7313643N,5,13
S5292500Q,6,7
S4439419K,6,2
S7127296X,4,2
S5792048I,6,7
S5541785Z,8,15
S4271873C,4,14
S4044243Q,5,14
S4765289R,6,14
S7185347R,7,11
S6488990I,8,16
S9439003Z,2,7
S7220611T,0,15
S4883737U,6,15
S4487609M,2,9
S6999128O,1,10
S4860751B,0,14
S6891543W,6,5
S6338632Z,2,20
S9673315X,3,3
S9277976A,2,16
S5962140N,5,10
S4649399Z,8,19
S6139112L,7,12
S6442075T,2,13
S7082512H,3,7
S6660425P,2,16
S6637517Y,4,10
S7766461U,3,10
S5349721R,7,4
S6240756I,0,5
S8979328M,0,18
S7647319Z,2,9
S7476675U,2,17
S4704215C,5,20
S6288474L,5,6
S4276610F,4,13
S5430785X,5,2
S7004400P,1,4
S6990381U,5,14
S8660836V,7,17
S8611714O,8,16
S4930255E,5,18
S6501078T,5,9
S7702721B,6,3
S5653417B,5,18
S6516703E,0,19
S5672868G,1,4
S6797832V,2,19
S9153776Y,0,20
S5118692X,7,4
S7256069E,4,11
S7011346P,8,4
S6653917I,2,13
S9619382U,6,13
S7743158C,6,6
S9104812P,8,2
S9227090S,2,16
S6093380R,8,11
S4706132J,4,18
S9103025A,7,11
S6299026J,8,10
S5296913E,2,5
S5592181J,8,6
S5394310F,6,6
S8683565P,5,12
S4355215T,8,18
S9226738A,4,19
S6423812C,0,12
S8132033L,7,14
S6556048I,1,11
S7423326V,1,2
S5422715D,8,10
S4317786W,1,14
S4435899R,0,14
S8015955U,5,20
S9468431B,3,12
S6290707E,7,19
S4159727G,0,2
S9681018M,8,15
S9826141I,8,4
S8464454R,4,6
S6588639W,8,16
S6983297V,3,18
S8648131F,1,12
S7190441G,2,12
S8195962C,3,6
S9367716J,6,20
S8616130C,6,3
S6490320W,5,8
S7767739F,6,17
S5639272H,8,12
S7896885T,8,6
S7075518T,0,2
S7783762S,2,19
S5864119D,1,16
S5292361X,5,18
S9319703R,1,17
S9295908L,8,1
S6401347B,3,12
S7080287B,2,10
S6115453Z,1,12
S9801552P,3,13
S7782030I,6,1
S7772912C,1,20
S6929768H,3,1
S6529052G,4,19
S6256619E,7,2
S6576935L,6,7
S7156641X,6,4
S6202695T,7,13
S8201986D,1,11
S9886567Q,2,16
S9415850U,1,20
S5667393T,0,10
S7118576O,8,11
S4791664G,3,11
S6656755A,4,5
S8833714J,6,18
S9839972I,3,14
S6792712X,8,11
S6874523N,6,19
S5797784U,0,16
S8269868H,8,14
S9509760R,1,12
S8256858U,0,6
S9224661J,1,19
S8731756P,8,3
S9087186E,3,3
S4155469H,7,12
S4094223O,0,2
S7757210G,1,18
S6778290F,6,1
S5652957U,6,12
S7839474W,0,16
S5007656K,1,2
S8402388Y,7,4
S6208434U,2,18
S9695804Y,7,17
S6819230S,6,11
S4618266I,5,17
S6963275A,0,15
S5570764S,8,18
S7612891T,7,11
S8781528W,5,1
S6996326V,6,8
S6485313Y,7,14
S6881625Q,3,9
S6692340M,2,11
S9213915E,6,5
S6977787I,4,4
S8508148E,7,8
S7408616E,2,7
S5933277S,5,10
S4214251W,3,3
S6314032D,1,10
S4047609N,7,2
S5252051H,8,11
S8983830T,2,1
S6916989W,5,17
S7090255B,8,1
S7702235K,8,10
S6749053C,2,10
S8029995L,3,17
S6179275O,1,1
S7271793B,5,14
S5221347O,6,1
S8878423N,4,17
S6844452Y,3,12
S5200638Q,0,17
S8321441O,2,10
S5055067U,0,11
S6718342J,6,8
S5605173F,0,15
S6617091Y,5,17
S6427100I,2,8
S8129567E,7,8
S8895783J,0,5
S4927174X,8,17
S7897846S,4,15
S6524500B,8,7
S9454276I,4,5
S7102194M,5,8
S9081667Q,4,12
S6815274S,8,19
S8297629F,4,19
S7705974Y,6,9
S7795266T,4,5
S6025344L,0,15
S6060594N,2,8
S8903259C,5,18
S5280783S,3,1
S4582764T,7,5
S5589759K,0,20
S9070374E,8,14
S7357076X,5,19
S7379431V,4,9
S5039304U,3,8
S7136840Q,0,16
S5200638Q,1,14
S7405884T,7,18
S8452779X,2,4
S7355539A,3,11
S5083840D,5,2
S4664807G,0,3
S9298766N,2,16
S8811201Z,8,18
S9463185J,6,8
S9433571V,0,6
S7468975V,4,15
S4523483J,5,6
S5704087H,7,12
S4765289R,3,15
S9636271X,1,18
S6420831V,5,12
S9285280U,1,8
S6440269M,8,18
S5908525R,7,14
S7617345W,3,7
S6178826E,7,12
S7302695L,7,17
S6490497M,0,18
S9058354O,4,14
S7067265C,5,4
S9639885V,6,16
S8772448U,2,5
S6060594N,5,2
S8223867A,8,3
S7490747C,6,4
S5476430Y,4,15
S4988757U,8,19
S8968359H,2,4
S5837701G,0,7
S6913262I,5,9
S6790983K,6,15
S6908659G,3,7
S4373137J,3,15
S7213190K,2,6
S7125416O,2,15
S8469934J,4,19
S5708370G,4,16
S8687362C,5,11
S6413908X,6,15
S7477238V,6,19
S8735674H,1,11
S4262689A,5,8
S8293850K,8,5
S7179901H,5,13
S6540773N,2,14
S9012606V,7,19
S7718516S,1,20
S6882688I,8,4
S8167321S,0,19
S6785585G,6,19
S6417602T,2,10
S7170691G,0,3
S5173527R,2,4
S7733441W,0,4
S5096205S,4,4
S7916691V,7,5
S5291800O,8,18
S6764569I,5,20
S6427211D,4,18
S8610713C,1,17
S6750550U,7,15
S4544077R,6,19
S5948649G,2,11
S6750036H,6,3
S6556142N,5,13
S7255233S,6,14
S8030725T,7,17
S4499911F,8,19
S9115895W,6,19
S4637274E,2,17
S7097724J,7,1
S5574526I,8,20
S9094982M,0,4
S7792288N,1,7
S8316722Q,3,11
S6450066W,6,18
S4367102C,2,8
S7326149Z,6,18
S5611730D,6,12
S6729289B,0,19
S9696464O,0,8
S7767739F,1,16
S4440077O,2,18
S7118576O,5,4
S6025573G,6,3
S4833927K,0,10
S9814875F,4,1
S8831934O,5,14
S6808116P,1,11
S9373284U,8,5
S9383707I,8,13
S5477712A,5,3
S6834158I,6,6
S4217359U,6,2
S5826057H,8,17
S6743547R,7,10
S8931688U,0,6
S4055530Z,5,17
S6697917A,2,16
S6583018T,1,5
S6410417M,8,8
S7715107Y,6,15
S4325976U,6,15
S8269805D,4,17
S5967067S,3,8
S4887934B,7,5
S5576057P,1,3
S7476147P,2,11
S9460134F,1,8
S5071839X,5,2
S8616130C,7,2
S8000688R,5,14
S6740521R,5,13
S6512420K,0,14
S6897222X,0,17
S8725242F,1,6
S4406689F,2,5
S7666841Y,6,19
S4623627S,3,20
S7455745K,6,10
S8196647A,0,3
S6576580A,5,19
S7721522F,4,17
S7839474W,5,20
S4270231J,2,18
S9140316Z,8,15
S6019870V,1,5
S8870489W,0,15
S9092282I,8,16
S7819268M,6,5
S6652147Z,5,8
S4520616X,8,18
S4372007M,8,14
S7405109Z,2,4
S8228816X,6,19
S7610147G,7,19
S6545749C,6,7
S4270235C,2,18
S4470136Z,0,1
S7147671T,8,5
S6495620B,4,9
S9524469B,2,17
S9461016R,3,4
S7403024R,5,12
S8549702X,8,6
S5835858I,6,3
S6527001Y,0,17
S6185794L,5,17
S7073383W,5,8
S4825288T,2,13
S5482086R,5,1
S7108740C,2,18
S9213915E,5,16
S6817315B,8,5
S9806556J,7,13
S9607507D,2,11
S7804819O,7,6
S9633504X,1,14
S6720281J,3,17
S9272707S,4,20
S7326083J,6,1
S5957628V,5,20
S6339590W,3,10
S6956035D,1,20
S6407556R,6,6
S4503606Q,2,16
S4058418E,0,13
S5560572K,2,7
S4153040G,7,20
S7243486N,4,20
S9515800P,6,13
S5326563K,1,8
S6282121Q,0,8
S4523483J,7,13
S8039621V,8,8
S4155962D,6,9
S7782030I,0,8
S7368113C,4,19
S7040144R,6,18
S7025910R,4,11
S4979473O,0,18
S7331657D,0,15
S4606089X,3,19
S6426910L,3,15
S4078436M,0,20
S4754885Y,3,17
S7379045E,4,5
S6036860V,8,12
S6990364C,0,19
S7449328S,2,2
S7262861T,5,17
S5115387H,7,15
S7089524R,7,14
S6547405W,1,11
S4614552D,8,19
S4267637H,8,14
S6471143R,1,5
S7493765L,7,20
S4093521K,2,3
S5933277S,1,1
S6201046T,8,20
S6723736R,3,9
S6498174S,3,14
S6461452O,5,3
S6565196K,7,7
S9003730J,0,16
S6463879Y,0,10
S6446772P,2,8
S6557891Z,6,15
S7029193K,5,7
S6918467R,3,8
S4561780P,4,17
S7179161V,4,2
S9270443S,6,5
S4036246Q,1,7
S5730314I,2,3
S5757946I,6,20
S4659620D,5,17
S6499465U,5,11
S6216457M,2,17
S6909458P,1,14
S7619515M,8,10
S6409662G,5,10
S5574138K,3,6
S5269819O,3,1
S4383209W,3,14
S7701875N,2,4
S6351173B,3,3
S6550566W,7,10
S5353901K,5,7
S6794235R,7,16
S5092551H,1,17
S7119118C,1,15
S7422959Z,4,7
S9333691M,6,3
S8757239V,2,4
S6462817L,8,7
S8772448U,7,9
S6544375I,5,14
S8581497T,5,5
S6984310C,0,20
S7617345W,5,7
S5648286C,5,3
S5042933T,4,4
S4211468R,6,11
S8734891G,1,7
S6691569E,5,16
S8639934L,4,5
S5547159Z,2,4
S4091839H,5,16
S6645379G,0,11
S6239344M,7,2
S6709486N,6,13
S6543798B,2,8
S7170691G,3,4
S7149708N,5,7
S8969515E,2,14
S8521291F,2,11
S5585978V,5,19
S6492976Y,8,5
S7100020S,8,11
S6413241F,3,4
S9717566L,7,3
S6456025T,2,15
S7107605B,3,10
S6899001Y,7,17
S4840223R,6,3
S4450355B,8,11
S4400599B,8,19
S8615571O,1,17
S5824126I,1,8
S9199614S,7,19
S6492512J,6,2
S5185748W,8,14
S7163346V,0,6
S8998768G,1,19
S5183046B,8,15
S9524469B,6,18
S7369312O,2,14
S8543187E,2,1
S6839907H,0,14
S6752945V,5,6
S6957008A,1,8
S9602122X,1,8
S6491339N,2,19
S5140564I,3,17
S9225152K,3,9
S4976670O,7,6
S4899347D,8,16
S9087186E,2,11
S7484883H,3,15
S4768958I,7,10
S5823543O,8,16
S6401347B,6,17
S8861716P,0,7
S6105106G,2,16
S9314476L,6,6
S8970110F,0,20
S7215294W,3,6
S9287316D,3,13
S5044052B,7,13
S7033282A,0,11
S6610421M,4,11
S4520691A,8,20
S9515234N,2,15
S5559793C,2,20
S9265241K,5,13
S9104812P,3,4
S7371753X,3,17
S5757946I,3,14
S6670956M,1,13
S9197892G,5,10
S9858446B,4,16
S8572897M,4,18
S4546028K,1,9
S4153110B,0,13
S4916611L,5,2
S6502657E,5,15
S9193476V,1,17
S4524624U,1,16
S7129078B,5,8
S6541281R,0,20
S4154619Y,6,9
S7450554S,0,19
S4807006S,8,7
S6589723V,7,11
S7379045E,7,14
S7265154I,5,18
S9760510O,2,19
S7289983F,2,12
S5780954Y,2,18
S5581260M,6,4
S9762154R,2,19
S8174098J,2,14
S9200954H,6,15
S9629239A,1,3
S8670171H,8,13
S9830347G,5,18
S9074683J,8,10
S8205881D,4,2
S4182997U,6,11
S7250781W,1,13
S7262160L,5,3
S9022919G,1,17
S4953819P,2,1
S6708572R,3,12
S6205537S,4,17
S4161017Y,6,1
S6465928G,1,6
S7296694B,1,5
S5110846Z,1,10
S7706302N,4,5
S9575853N,1,6
S7732803Q,1,10
S7172551Z,8,5
S6624270Y,7,3
S9519309O,8,15
S5490429E,2,9
S4515889Q,1,12
S8471549A,0,19
S6052178M,6,19
S9125165Q,8,11
S6954800D,3,16
S8677688F,1,3
S7395279K,4,20
S7430025Y,8,19
S9265241K,0,11
S4104514K,7,20
S8616157Z,6,12
S4303107B,1,7
S6137905Q,5,8
S6341164C,5,18
S6486772U,2,16
S4377073Y,6,9
S6974675I,7,3
S6561855U,7,12
S6005258K,4,19
S7973226H,5,3
S7002258M,1,10
S7964441M,7,9
S7025910R,8,20
S7087544C,2,13
S5409015U,1,16
S6288474L,3,16
S8233015U,8,8
S7969230N,6,16
S7000033V,8,15
S6723736R,6,13
S9285280U,3,8
S9798536R,7,4
S6693577X,6,3
S8454563A,7,13
S6618411W,0,16
S8190932Z,4,10
S9345387T,4,14
S6624636W,3,6
S8693476N,8,4
S6582392M,8,5
S4785947G,5,3
S4792563H,4,12
S6640463D,7,10
S5973251P,2,5
S7484883H,2,10
S7233212B,4,3
S8599720U,1,6
S7323792W,8,15
S5642605N,5,10
S9876549F,6,15
S8300112E,4,18
S6751727H,0,12
S8300112E,1,5
S5625876W,8,5
S4860751B,3,4
S6998300Y,0,19
S6637463Y,3,4
S8908055U,5,6
S5125362H,4,20
S6739236G,5,10
S6856854H,5,15
S6719520X,6,6
S5783942F,2,13
S9061640M,4,18
S8096752Y,0,12
S6282419N,3,18
S4819927U,7,9
S6586477Q,6,19
S8741478B,4,17
S5608357K,5,19
S9839922K,1,12
S6475552H,5,20
S4707769V,3,18
S8431419J,6,7
S5597281M,4,20
S4256928U,2,11
S4162389B,1,14
S5651307Y,7,20
S4182997U,0,5
S5061774W,8,11
S6817784Q,8,11
S6854905C,7,4
S6442541J,1,17
S6693577X,8,6
S6475552H,4,10
S6651031Z,4,2
S8215661O,1,12
S7202580H,1,2
S8103029D,6,10
S5970912N,3,14
S6740521R,2,8
S7418772Z,1,3
S6096026I,7,6
S7201319A,3,1
S4546028K,0,20
S6922372Z,5,11
S9717566L,4,17
S4520963W,6,6
S4182317X,7,8
S7483628P,6,8
S6670956M,7,20
S7264237R,5,13
S6822856U,5,10
S4624875J,7,14
S6407192F,1,5
S6256619E,8,13
S5729250S,6,13
S5177490P,1,18
S8203164K,2,2
S6494328T,6,8
S6064752I,0,17
S6059397N,2,16
S5625066U,6,18
S6805936K,1,15
S5314938Y,0,19
S7446528F,0,16
S7327857Z,6,19
S9225152K,7,3
S7289617H,0,5
S7908951W,8,10
S6456198B,7,20
S7493765L,4,12
S5418061Y,2,13
S9089778O,7,4
S6861290E,0,14
S6060594N,1,16
S5010319Q,6,14
S5264068Y,7,3
S6886717S,4,18
S7143822R,8,17
S4832622K,1,8
S4021247K,1,8
S6404765A,4,17
S4053888Y,3,7
S6116013I,8,5
S7369555F,5,19
S6676748R,5,9
S8007544M,0,17
S4434322B,8,3
S6615294W,4,18
S5316635Z,2,13
S9817268S,2,4
S6498182G,4,20
S5413969B,5,19
S4981242U,0,16
S9148252W,6,4
S7329927O,8,8
S4653249K,6,11
S6886604V,0,6
S7387331X,8,6
S7081372Q,6,12
S6565196K,1,15
S8854102A,2,11
S7078962Y,2,11
S9191326Q,4,19
S8744781E,8,12
S6750036H,1,8
S7091787Y,3,11
S6456018Z,6,12
S5204620P,6,12
S7837829J,8,7
S8764052B,7,18
S9181281H,6,18
S6629823J,7,17
S8650079C,8,20
S7923385L,2,10
S7827924S,2,16
S6155040M,8,10
S7706302N,8,14
S4124613O,5,20
S9440780J,1,15
S8784927X,0,4
S4406038F,4,14
S6762133U,0,9
S7333569R,2,20
S6045812V,4,9
S7214996P,5,11
S9865437Z,1,13
S6401132D,1,2
S7727025H,7,4
S8535904I,5,15
S6952369E,2,13
S7720022M,8,9
S5484027B,8,6
S8990364E,4,16
S6716173V,7,3
S8881061V,4,9
S7404322L,4,19
S4024045A,2,4
S7168652L,2,1
S6933300M,7,3
S5538203N,4,19
S5905141E,3,13
S4979473O,3,1
S7369513R,0,8
S7363132J,8,11
S6808975U,8,3
S6768382T,5,18
S4647628C,6,13
S9237711K,6,8
S6167834Y,0,7
S8761556C,7,12
S9444292L,4,19
S5905141E,2,19
S5661325I,6,2
S9747438C,5,17
S8981813Z,6,19
S4277981Q,4,2
S9742342C,8,14
S8015955U,4,1
S7411850I,3,1
S6959758N,1,6
S7068002U,6,17
S7929618S,7,19
S6105106G,6,18
S4979396A,7,1
S9636995U,8,13
S9548168Z,8,4
S4547216B,0,13
S9504868B,4,14
S5311111W,7,18
S5092551H,6,6
S7275861Q,3,5
S5076754J,7,2
S9520422B,7,6
S9153547D,1,14
S6494328T,7,9
S9396296K,2,12
S4853329G,3,8
S6927500G,0,9
S4361676O,1,12
S9437956B,6,8
S8067981H,3,4
S7232652G,2,15
S8109669G,7,17
S5695525Z,0,4
S5751905B,3,18
S9227408F,5,20
S7454278X,3,20
S9734922K,0,14
S9669849W,7,2
S7678925P,7,17
S7220395N,0,14
S6553093E,2,3
S6588639W,4,3
S9454276I,6,12
S5821793B,6,14
S4039165K,7,20
S5385231S,5,19
S7167550H,5,18
S6788959Q,5,15
S4361970I,7,3
S8501876B,0,8
S6996326V,8,14
S4704215C,2,6
S7097356Y,4,17
S6670156Y,5,11
S7240286Q,3,18
S4234290X,2,15
S8730125N,7,8
S5487272A,5,3
S5482648T,7,18
S9234618R,4,13
S6649325I,5,19
S5734035P,0,12
S7058557M,8,20
S8328894J,4,8
S8484728Z,2,13
S5821063S,5,15
S7219148K,1,12
S9153547D,0,17
S6987060I,1,11
S4226181D,2,7
S4044243Q,0,19
S7296694B,8,19
S7231012E,4,9
S7348501E,8,7
S4372748F,7,1
S5859337V,6,19
S6574552P,3,15
S7058557M,6,13
S7718732G,0,7
S8149190M,3,15
S9173530U,3,18
S6669758V,1,6
S5096136X,5,12
S6345391J,6,18
S7629921Y,5,2
S5285758W,3,18
S7467709K,2,19
S8976637W,8,18
S5574526I,0,20
S8442131M,5,3
S8696329C,8,6
S6720281J,6,13
S4342176D,1,19
S8066844X,6,1
S4230603V,2,16
S8554711W,1,2
S9227521P,2,7
S7252823K,1,6
S5475574C,1,9
S7159266Y,8,2
S9385812H,6,7
S4714044H,5,4
S6321012J,8,2
S9309207O,0,8
S6648680U,3,18
S6701567L,4,12
S7199166Y,4,20
S6984310C,2,18
S4191643D,5,16
S4143040O,3,18
S5859337V,4,17
S6556048I,0,12
S8203164K,1,18
S9857722K,4,4
S6667023R,2,4
S6689050I,7,2
S8341808L,8,15
S5091045I,3,19
S8908487X,7,15
S6952319F,0,5
S6478970M,2,17
S7709505H,5,13
S8783397T,0,2
S4231407C,0,8
S6694697U,7,20
S6631691X,4,7
S7970603N,3,4
S5550314S,7,19
S8136344Y,6,15
S9520422B,1,20
S6528415U,5,20
S6122012G,6,6
S9898467T,1,1
S8166549G,5,19
S9886567Q,1,3
S8582243W,4,20
S7735242D,1,16
S6781446T,2,14
S6447609K,5,17
S9754502Y,4,16
S5501550J,3,20
S5375606U,0,8
S6808601I,5,19
S4377222W,1,2
S9058207Y,4,5
S6778824X,8,14
S6741179Z,6,17
S7108740C,1,10
S7372625N,1,19
S8921934J,8,8
S5472823M,0,16
S8735674H,3,4
S8431419J,3,6
S8524586X,1,18
S5954577P,2,20
S6536774E,2,17
S8249008J,6,8
S8385858I,2,17
S6574919G,6,16
S6606291I,8,10
S7259330Q,8,6
S6490320W,0,17
S6593244L,7,1
S6507379Y,1,1
S5652957U,3,2
S8197510Y,7,17
S4791664G,0,8
S7331657D,2,14
S7102499S,7,18
S5033482X,2,13
S9520422B,6,9
S8584117T,5,6
S6872627E,0,5
S8710961U,3,7
S6478970M,1,14
S5394310F,2,18
S6500729O,7,18
S7064414X,0,8
S9202411Z,1,19
S6779282R,3,20
S7187669Q,8,6
S6112634G,7,19
S5566589B,7,7
S6572479F,2,3
S4636385V,8,17
S6908107W,7,5
S4950676A,2,11
S4080196Y,0,11
S6953134M,4,2
S6112634G,8,8
S8731756P,6,6
S9254918I,4,14
S6619092B,6,8
S8313841G,6,3
S9180822U,5,10
S9669849W,8,20
S7281288Q,3,9
S4150041Z,4,11
S4823295N,0,16
S8144773L,6,4
S4416150P,7,1
S4871149O,7,5
S7924039X,4,16
S7344784N,3,19
S6829570L,6,7
S5546607D,2,8
S5352312R,8,9
S6420831V,0,1
S9528813I,1,5
S6507551Y,3,6
S9731659F,4,10
S9237543N,0,11
S9015385Y,0,10
S4047609N,8,13
S8515911Y,6,12
S4511731T,6,15
S5266215D,8,18
S9300606D,8,17
S8219779T,4,7
S6927373K,5,5
S6617950N,0,2
S7350987P,4,8
S5673804F,0,1
S6409685S,6,8
S4850502A,0,4
S4315997W,1,9
S7250781W,2,14
S7757272P,8,11
S6892972R,1,2
S7259330Q,3,15
S8458584Q,2,17
S5621829N,4,2
S6222113J,3,11
S4749337E,0,11
S4440077O,7,9
S5620998K,8,15
S7028219L,8,1
S5418016S,2,14
S7754214F,6,9
S8731756P,4,9
S4587821N,8,17
S6451006I,4,8
S6583018T,6,15
S9178356A,8,19
S6552330C,5,7
S6887351O,2,5
S7751424B,7,16
S5275118K,6,17
S9250265W,1,7
S9250265W,4,9
S9250265W,2,11
S6548272X,4,6
S6548272X,0,7
S6548272X,6,18
